# level	track	en	ko
1	basic	I am a student.	나는 학생이에요.
1	basic	This is my dog.	이것은 내 개예요.
1	basic	I like apples.	나는 사과를 좋아해요.
1	basic	The cat is small.	그 고양이는 작아요.
1	basic	I can jump high.	나는 높이 뛸 수 있어요.
1	basic	She is my mom.	그녀는 우리 엄마예요.
1	basic	We go to school.	우리는 학교에 가요.
1	basic	The sky is blue.	하늘은 파래요.
1	basic	I have two pencils.	나는 연필이 두 자루 있어요.
1	basic	He is my friend.	그는 내 친구예요.
1	basic	I drink milk every morning.	나는 매일 아침 우유를 마셔요.
1	basic	The dog is under the desk.	개가 책상 아래에 있어요.
1	basic	Open the door, please.	문을 열어 주세요.
1	basic	I love my family.	나는 가족을 사랑해요.
1	basic	Look at the bird.	저 새를 봐요.
1	basic	It is a big house.	그것은 큰 집이에요.
1	basic	I am seven years old.	나는 일곱 살이에요.
1	basic	We play after school.	우리는 방과 후에 놀아요.
1	basic	The sun is hot.	해는 뜨거워요.
1	basic	Give me the ball, please.	공을 나에게 주세요.
1	basic	My bag is red.	내 가방은 빨간색이에요.
1	basic	I eat breakfast at seven.	나는 일곱 시에 아침을 먹어요.
1	basic	The baby is sleeping now.	아기가 지금 자고 있어요.
1	basic	I can sing a song.	나는 노래를 부를 수 있어요.
1	basic	We read books together.	우리는 함께 책을 읽어요.
1	basic	Wash your hands first.	먼저 손을 씻으세요.
1	basic	The flower is pretty.	그 꽃은 예뻐요.
1	basic	I go to bed at nine.	나는 아홉 시에 자러 가요.
1	basic	Come here, please.	이리 와 주세요.
1	basic	It is snowing today.	오늘 눈이 와요.
2	basic	What time do you get up?	너는 몇 시에 일어나니?
2	basic	I usually walk to school.	나는 보통 학교에 걸어가요.
2	basic	She can ride a bike.	그녀는 자전거를 탈 수 있어요.
2	basic	We watched a movie yesterday.	우리는 어제 영화를 봤어요.
2	basic	My favorite season is summer.	내가 가장 좋아하는 계절은 여름이에요.
2	basic	He plays soccer every weekend.	그는 주말마다 축구를 해요.
2	basic	There are many books in the library.	도서관에는 책이 많아요.
2	basic	Do you like Korean food?	한국 음식을 좋아해요?
2	basic	I am taller than my brother.	나는 내 동생보다 키가 커요.
2	basic	Let's meet at the park.	공원에서 만나자.
2	basic	The store opens at ten.	그 가게는 열 시에 열어요.
2	basic	I want to be a teacher.	나는 선생님이 되고 싶어요.
2	basic	How is the weather today?	오늘 날씨가 어때요?
2	basic	She is good at drawing.	그녀는 그림을 잘 그려요.
2	basic	We had pizza for dinner.	우리는 저녁으로 피자를 먹었어요.
2	basic	Don't be late for class.	수업에 늦지 마세요.
2	basic	I brush my teeth three times a day.	나는 하루에 세 번 이를 닦아요.
2	basic	Can you help me with this box?	이 상자 드는 것 좀 도와줄래요?
2	basic	My birthday is in October.	내 생일은 10월이에요.
2	basic	He is wearing a blue jacket.	그는 파란 재킷을 입고 있어요.
2	basic	The zoo is far from here.	동물원은 여기서 멀어요.
2	basic	I am reading an interesting book.	나는 재미있는 책을 읽고 있어요.
2	basic	She sings better than me.	그녀는 나보다 노래를 잘해요.
2	basic	We should save water.	우리는 물을 아껴야 해요.
2	basic	Turn off the light, please.	불을 꺼 주세요.
2	basic	I visited my grandmother last week.	나는 지난주에 할머니를 방문했어요.
2	basic	It rained a lot last night.	어젯밤에 비가 많이 왔어요.
2	basic	Which color do you like better?	어떤 색이 더 좋아요?
2	basic	I always do my homework first.	나는 항상 숙제를 먼저 해요.
2	basic	The movie starts at six thirty.	영화는 여섯 시 반에 시작해요.
3	basic	I have lived here for five years.	나는 여기서 5년째 살고 있어요.
3	basic	Have you ever been to Jeju?	제주에 가 본 적 있어요?
3	basic	I am going to visit my uncle tomorrow.	나는 내일 삼촌을 방문할 거예요.
3	basic	You should see a doctor today.	오늘 병원에 가 보는 게 좋겠어요.
3	basic	Reading books makes me happy.	책 읽기는 나를 행복하게 해요.
3	basic	He asked me a difficult question.	그는 나에게 어려운 질문을 했어요.
3	basic	If it rains, we will stay home.	비가 오면 우리는 집에 있을 거예요.
3	basic	I don't know how to swim.	나는 수영하는 법을 몰라요.
3	basic	She told me an interesting story.	그녀는 나에게 흥미로운 이야기를 해 줬어요.
3	basic	The museum was built in 1990.	그 박물관은 1990년에 지어졌어요.
3	basic	I am interested in science.	나는 과학에 관심이 있어요.
3	basic	It is important to eat breakfast.	아침을 먹는 것은 중요해요.
3	basic	We decided to go camping this weekend.	우리는 이번 주말에 캠핑 가기로 했어요.
3	basic	My dream is to become a pilot.	내 꿈은 조종사가 되는 거예요.
3	basic	The book on the desk is mine.	책상 위의 책은 내 거예요.
3	basic	He runs faster than anyone in class.	그는 반에서 누구보다 빨리 달려요.
3	basic	I was doing homework when you called.	네가 전화했을 때 나는 숙제를 하고 있었어.
3	basic	Please tell me when the bus arrives.	버스가 언제 도착하는지 알려 주세요.
3	basic	Exercise every day to stay healthy.	건강을 유지하려면 매일 운동하세요.
3	basic	I forgot to bring my umbrella.	나는 우산 가져오는 것을 잊었어요.
3	basic	This cake tastes better than it looks.	이 케이크는 보기보다 맛있어요.
3	basic	Could you speak more slowly?	좀 더 천천히 말해 줄래요?
3	basic	I am looking forward to the vacation.	나는 방학을 기대하고 있어요.
3	basic	The teacher wants us to be quiet.	선생님은 우리가 조용하길 원하세요.
3	basic	Both my parents work at a hospital.	우리 부모님은 두 분 다 병원에서 일하세요.
3	basic	I practice the piano twice a week.	나는 일주일에 두 번 피아노를 연습해요.
3	basic	There is nothing to worry about.	걱정할 것은 아무것도 없어요.
3	basic	Turn right at the second corner.	두 번째 모퉁이에서 오른쪽으로 도세요.
3	basic	He was too tired to walk home.	그는 너무 피곤해서 집까지 걸을 수 없었어요.
3	basic	Would you like something to drink?	마실 것 좀 드릴까요?
4	basic	I have been studying English for three years.	나는 3년째 영어를 공부하고 있어요.
4	basic	The letter was written by my grandfather.	그 편지는 할아버지가 쓰신 거예요.
4	basic	I wonder why she looks so sad today.	그녀가 오늘 왜 그렇게 슬퍼 보이는지 궁금해요.
4	basic	He promised not to be late again.	그는 다시는 늦지 않겠다고 약속했어요.
4	basic	The city where I was born is small.	내가 태어난 도시는 작아요.
4	basic	It has been raining since this morning.	오늘 아침부터 비가 내리고 있어요.
4	basic	You had better take the subway now.	지금은 지하철을 타는 게 좋겠어요.
4	basic	I asked him to turn down the music.	나는 그에게 음악 소리를 줄여 달라고 부탁했어요.
4	basic	The problem is more serious than we thought.	그 문제는 우리가 생각한 것보다 심각해요.
4	basic	Do you know the man standing over there?	저기 서 있는 남자를 아세요?
4	basic	I made my little sister clean the room.	나는 여동생에게 방을 청소하게 했어요.
4	basic	Although he was tired, he finished the work.	피곤했지만 그는 일을 끝냈어요.
4	basic	This is the best movie I have ever seen.	이것은 내가 본 최고의 영화예요.
4	basic	She spent the whole weekend preparing for the test.	그녀는 주말 내내 시험을 준비하며 보냈어요.
4	basic	The bridge being built will open next year.	건설 중인 그 다리는 내년에 개통돼요.
4	basic	I regret not listening to your advice.	네 조언을 듣지 않은 것을 후회해.
4	basic	Neither of us knew the answer.	우리 둘 다 답을 몰랐어요.
4	basic	The harder you try, the better you get.	노력할수록 더 나아져요.
4	basic	He seems to have forgotten our promise.	그는 우리 약속을 잊은 것 같아요.
4	basic	Would you mind opening the window?	창문을 열어 주시겠어요?
4	basic	It is no use crying over spilt milk.	엎지른 우유를 두고 울어 봐야 소용없어요.
4	basic	I couldn't help laughing at the joke.	그 농담에 웃지 않을 수 없었어요.
4	basic	The movie was so boring that I fell asleep.	영화가 너무 지루해서 잠들었어요.
4	basic	Not everyone agrees with the new rule.	모두가 새 규칙에 동의하는 것은 아니에요.
4	basic	He is used to getting up early.	그는 일찍 일어나는 데 익숙해요.
5	basic	If I were you, I would apologize first.	내가 너라면 먼저 사과할 거야.
5	basic	The novel has been translated into twenty languages.	그 소설은 스무 개 언어로 번역됐어요.
5	basic	I wish I had studied harder in school.	학교 다닐 때 더 열심히 공부했더라면 좋았을 텐데.
5	basic	She suggested that we take a short break.	그녀는 우리가 잠깐 쉬자고 제안했어요.
5	basic	The reason he was late was the heavy traffic.	그가 늦은 이유는 교통 체증이었어요.
5	basic	Despite the rain, the game continued.	비에도 불구하고 경기는 계속됐어요.
5	basic	It was the storm that canceled the flight.	비행기를 결항시킨 것은 바로 그 폭풍이었어요.
5	basic	Having finished the report, she went home.	보고서를 끝낸 뒤 그녀는 집에 갔어요.
5	basic	The more we learn, the more we realize.	배우면 배울수록 더 많이 깨달아요.
5	basic	He must have missed the last train.	그는 막차를 놓친 게 틀림없어요.
5	basic	What matters most is your health.	가장 중요한 것은 건강이에요.
5	basic	The company whose products we use is Korean.	우리가 쓰는 제품의 회사는 한국 회사예요.
5	basic	I would rather stay home than go out tonight.	오늘 밤은 나가느니 집에 있는 게 낫겠어요.
5	basic	Hardly had I arrived when it started to rain.	도착하자마자 비가 오기 시작했어요.
5	basic	It goes without saying that time is precious.	시간이 소중하다는 것은 말할 필요도 없어요.
5	basic	The experiment turned out to be a success.	실험은 성공으로 판명됐어요.
5	basic	He talks as if he knew everything.	그는 마치 모든 것을 아는 것처럼 말해요.
5	basic	Judging from the sky, it will rain soon.	하늘을 보니 곧 비가 오겠어요.
5	basic	I can't thank you enough for your help.	도와주신 것에 대해 아무리 감사해도 모자라요.
5	basic	There is no doubt that she will pass.	그녀가 합격할 것은 의심의 여지가 없어요.
6	basic	The professor whose lecture we attended is famous.	우리가 들은 강의의 교수님은 유명해요.
6	basic	Never have I seen such a beautiful sunset.	그렇게 아름다운 노을은 본 적이 없어요.
6	basic	The data suggests that sleep affects memory.	그 데이터는 수면이 기억에 영향을 준다는 것을 시사해요.
6	basic	Not until yesterday did I hear the news.	어제서야 그 소식을 들었어요.
6	basic	It is essential that everyone follow the rules.	모두가 규칙을 따르는 것이 필수적이에요.
6	basic	Scarcely anyone believed his story at first.	처음에는 그의 이야기를 믿는 사람이 거의 없었어요.
6	basic	The town, once famous for coal, is quiet now.	한때 석탄으로 유명했던 그 마을은 이제 조용해요.
6	basic	Whether we win or lose, we will try our best.	이기든 지든 우리는 최선을 다할 거예요.
6	basic	What he said turned out to be false.	그가 말한 것은 거짓으로 드러났어요.
6	basic	The higher we climbed, the colder it became.	높이 올라갈수록 더 추워졌어요.
6	basic	She devoted her whole life to helping others.	그녀는 남을 돕는 데 평생을 바쳤어요.
6	basic	Little did he know that his life would change.	그의 인생이 바뀔 줄은 그는 전혀 몰랐어요.
6	basic	The bridge connecting the two islands opened in May.	두 섬을 잇는 다리가 5월에 개통됐어요.
6	basic	No matter how busy you are, eat properly.	아무리 바빠도 제대로 챙겨 드세요.
6	basic	It was not until midnight that he came home.	자정이 되어서야 그는 집에 왔어요.
6	basic	Many species are in danger of extinction.	많은 종이 멸종 위기에 처해 있어요.
6	basic	The committee put off making a final decision.	위원회는 최종 결정을 미뤘어요.
6	basic	Seen from space, the earth looks blue.	우주에서 보면 지구는 파랗게 보여요.
6	basic	He insisted that the meeting be postponed.	그는 회의를 연기해야 한다고 주장했어요.
6	basic	Technology has changed the way we communicate.	기술은 우리가 소통하는 방식을 바꿨어요.
7	basic	The theory, though widely accepted, has weaknesses.	그 이론은 널리 받아들여지지만 약점이 있어요.
7	basic	Only after the war did the country recover.	전쟁이 끝난 후에야 그 나라는 회복했어요.
7	basic	The government announced measures to reduce pollution.	정부는 오염을 줄이기 위한 대책을 발표했어요.
7	basic	Faced with criticism, the company changed its policy.	비판에 직면하자 그 회사는 정책을 바꿨어요.
7	basic	The artist is said to have painted it in a week.	그 화가는 그것을 일주일 만에 그렸다고 해요.
7	basic	So rapid was the change that no one adapted easily.	변화가 너무 빨라서 아무도 쉽게 적응하지 못했어요.
7	basic	Access to clean water remains a global challenge.	깨끗한 물에 대한 접근은 여전히 세계적 과제예요.
7	basic	The findings contradict what scientists previously believed.	그 발견은 과학자들이 이전에 믿던 것과 모순돼요.
7	basic	Public opinion gradually shifted in favor of reform.	여론은 점차 개혁에 우호적으로 바뀌었어요.
7	basic	The extent of the damage has yet to be assessed.	피해 규모는 아직 평가되지 않았어요.
7	basic	Rarely does such an opportunity come twice.	그런 기회는 좀처럼 두 번 오지 않아요.
7	basic	The invention transformed how goods were produced.	그 발명은 상품 생산 방식을 변화시켰어요.
7	basic	Given the circumstances, the result was impressive.	상황을 고려하면 그 결과는 인상적이었어요.
7	basic	Efforts to preserve the forest are paying off.	숲을 보존하려는 노력이 결실을 맺고 있어요.
7	basic	The debate over free speech continues to this day.	표현의 자유에 대한 논쟁은 오늘날까지 계속돼요.
8	basic	The hypothesis was rejected after repeated experiments.	그 가설은 거듭된 실험 끝에 기각됐어요.
8	basic	Economic growth does not necessarily improve welfare.	경제 성장이 반드시 복지를 개선하는 것은 아니에요.
8	basic	The manuscript, discovered by chance, rewrote history.	우연히 발견된 그 필사본은 역사를 다시 썼어요.
8	basic	Consumers increasingly demand environmentally friendly products.	소비자들은 점점 친환경 제품을 요구해요.
8	basic	The policy had consequences that no one had foreseen.	그 정책은 아무도 예상하지 못한 결과를 낳았어요.
8	basic	Whatever conclusion you draw, base it on evidence.	어떤 결론을 내리든 증거에 근거하세요.
8	basic	The negotiations collapsed despite months of preparation.	수개월의 준비에도 협상은 결렬됐어요.
8	basic	Advances in medicine have doubled average life expectancy.	의학의 발전은 평균 수명을 두 배로 늘렸어요.
8	basic	The author explores how memory shapes identity.	그 작가는 기억이 정체성을 어떻게 형성하는지 탐구해요.
8	basic	Institutions must adapt or risk becoming obsolete.	기관은 적응하지 않으면 도태될 위험이 있어요.
8	basic	The committee weighed the benefits against the risks.	위원회는 이익과 위험을 견주어 봤어요.
8	basic	Critics argue that the law undermines basic rights.	비평가들은 그 법이 기본권을 약화시킨다고 주장해요.
9	basic	Please review the attached report before the meeting.	회의 전에 첨부된 보고서를 검토해 주세요.
9	basic	The shipment will be delivered within five business days.	선적물은 영업일 5일 이내에 배송됩니다.
9	basic	All employees are required to attend the safety training.	전 직원은 안전 교육에 참석해야 합니다.
9	basic	We apologize for any inconvenience this may cause.	불편을 끼쳐 드려 죄송합니다.
9	basic	The invoice should be paid by the end of the month.	청구서는 월말까지 결제되어야 합니다.
9	basic	Applicants must submit a resume and two references.	지원자는 이력서와 추천서 두 부를 제출해야 합니다.
9	basic	The meeting has been rescheduled for next Tuesday.	회의는 다음 주 화요일로 변경되었습니다.
9	basic	Our customer service team is available around the clock.	고객 서비스팀은 24시간 이용 가능합니다.
9	basic	The warranty covers repairs for up to two years.	보증은 최대 2년까지 수리를 보장합니다.
9	basic	Sales figures exceeded expectations in the third quarter.	3분기 매출이 예상을 초과했습니다.
9	basic	Please confirm your attendance by Friday.	금요일까지 참석 여부를 확인해 주세요.
9	basic	The new policy takes effect on January first.	새 정책은 1월 1일부터 시행됩니다.
10	basic	The study demonstrates a correlation between diet and mood.	그 연구는 식단과 기분의 상관관계를 보여줘요.
10	basic	Renewable energy accounts for a growing share of supply.	재생 에너지는 공급에서 차지하는 비중이 커지고 있어요.
10	basic	The species adapted remarkably to its harsh habitat.	그 종은 혹독한 서식지에 놀랍게 적응했어요.
10	basic	Urbanization has profoundly altered social structures.	도시화는 사회 구조를 근본적으로 바꾸었어요.
10	basic	The philosopher questioned the very notion of progress.	그 철학자는 진보라는 개념 자체에 의문을 제기했어요.
10	basic	Empirical evidence ultimately settled the long debate.	경험적 증거가 결국 오랜 논쟁을 매듭지었어요.
10	basic	Climate models predict increasingly frequent extreme weather.	기후 모델은 점점 잦은 극한 날씨를 예측해요.
10	basic	The excavation revealed artifacts from an unknown civilization.	발굴로 미지의 문명 유물이 드러났어요.
10	basic	Genetic diversity strengthens an ecosystem's resilience.	유전적 다양성은 생태계의 회복력을 강화해요.
10	basic	The reform faced resistance from entrenched interests.	그 개혁은 기득권의 저항에 부딪혔어요.
1	daily	Hello, nice to meet you.	안녕하세요, 만나서 반가워요.
1	daily	How are you today?	오늘 기분이 어때요?
1	daily	My name is Minsu.	제 이름은 민수예요.
1	daily	See you tomorrow.	내일 봐요.
1	daily	Thank you so much.	정말 고마워요.
1	daily	You're welcome.	천만에요.
1	daily	Excuse me.	실례합니다.
1	daily	Have a nice day.	좋은 하루 보내세요.
1	daily	Good luck!	행운을 빌어요!
1	daily	Long time no see.	오랜만이에요.
2	daily	Where are you from?	어디에서 오셨어요?
2	daily	I am from Korea.	저는 한국에서 왔어요.
2	daily	What do you do?	무슨 일을 하세요?
2	daily	Can you say that again?	다시 한번 말해 줄래요?
2	daily	I don't understand.	이해가 안 돼요.
2	daily	How much is this?	이거 얼마예요?
2	daily	It's too expensive.	너무 비싸요.
2	daily	Can I try it on?	입어 봐도 될까요?
2	daily	I'm just looking, thanks.	그냥 구경 중이에요, 감사해요.
2	daily	What time is it now?	지금 몇 시예요?
2	daily	Where is the restroom?	화장실이 어디예요?
2	daily	I like your shoes.	신발이 마음에 들어요.
2	daily	Let's eat out tonight.	오늘 밤엔 외식하자.
2	daily	I'm on my way.	가는 중이에요.
2	daily	Take care of yourself.	몸 조심하세요.
3	daily	Could you take a picture of us?	저희 사진 좀 찍어 주시겠어요?
3	daily	Is there a bank near here?	이 근처에 은행이 있나요?
3	daily	How do I get to the station?	역까지 어떻게 가나요?
3	daily	Go straight and turn left.	직진해서 왼쪽으로 도세요.
3	daily	How long does it take?	얼마나 걸려요?
3	daily	I'd like a table for two.	두 명 자리 부탁해요.
3	daily	Can I see the menu, please?	메뉴판 좀 볼 수 있을까요?
3	daily	I'll have the chicken salad.	치킨 샐러드로 할게요.
3	daily	Could I get the bill, please?	계산서 좀 주시겠어요?
3	daily	Keep the change.	잔돈은 가지세요.
3	daily	Do you have this in a bigger size?	이거 더 큰 사이즈 있나요?
3	daily	I'm allergic to peanuts.	저는 땅콩 알레르기가 있어요.
3	daily	What do you recommend?	뭘 추천하세요?
3	daily	Is this seat taken?	이 자리 주인 있나요?
3	daily	Sorry, I'm running late.	미안해요, 좀 늦을 것 같아요.
3	daily	Let me check my schedule.	일정 좀 확인해 볼게요.
3	daily	That sounds like a great plan.	그거 좋은 계획인 것 같아요.
3	daily	I'm looking for this address.	이 주소를 찾고 있어요.
3	daily	Can you speak more slowly, please?	좀 더 천천히 말해 주시겠어요?
3	daily	I really appreciate your help.	도와주셔서 정말 감사해요.
4	daily	I'd like to check in, please.	체크인하고 싶어요.
4	daily	I have a reservation under Kim.	김으로 예약했어요.
4	daily	What time is checkout?	체크아웃은 몇 시예요?
4	daily	Could I have a wake-up call at seven?	일곱 시에 모닝콜 해 주시겠어요?
4	daily	The air conditioner doesn't work.	에어컨이 작동하지 않아요.
4	daily	Can I store my luggage here?	짐을 여기 맡길 수 있나요?
4	daily	Where can I catch a taxi?	택시는 어디서 잡을 수 있나요?
4	daily	How often does the bus come?	버스가 얼마나 자주 와요?
4	daily	I missed my stop.	내릴 곳을 지나쳤어요.
4	daily	Is breakfast included in the price?	가격에 아침 식사가 포함되나요?
4	daily	Could you recommend a good local restaurant?	괜찮은 현지 식당을 추천해 주시겠어요?
4	daily	I'd like to book a city tour.	시티 투어를 예약하고 싶어요.
4	daily	Do you accept credit cards?	신용카드 받으세요?
4	daily	Can I get a refund for this?	이거 환불받을 수 있을까요?
4	daily	It doesn't fit me well.	저한테 잘 안 맞아요.
4	daily	I'll take this one.	이걸로 할게요.
4	daily	Could you gift-wrap it, please?	선물 포장해 주시겠어요?
4	daily	My phone battery is dying.	휴대폰 배터리가 다 돼 가요.
4	daily	Do you have free Wi-Fi here?	여기 무료 와이파이 있나요?
4	daily	What's the Wi-Fi password?	와이파이 비밀번호가 뭐예요?
5	daily	Where is the boarding gate for this flight?	이 항공편 탑승구가 어디예요?
5	daily	I'd like a window seat, please.	창가 좌석으로 부탁해요.
5	daily	Do I need to transfer?	환승해야 하나요?
5	daily	My flight was delayed two hours.	제 비행기가 두 시간 지연됐어요.
5	daily	I have nothing to declare.	신고할 물품이 없어요.
5	daily	I'm here on vacation for a week.	일주일간 휴가로 왔어요.
5	daily	Where is the baggage claim?	수하물 찾는 곳이 어디예요?
5	daily	My suitcase hasn't come out yet.	제 여행 가방이 아직 안 나왔어요.
5	daily	Could you exchange this for Korean won?	이걸 한국 원화로 환전해 주시겠어요?
5	daily	What's the exchange rate today?	오늘 환율이 어떻게 되나요?
5	daily	I lost my passport.	여권을 잃어버렸어요.
5	daily	Where is the nearest police station?	가장 가까운 경찰서가 어디예요?
5	daily	I need to see a doctor.	의사를 만나야 해요.
5	daily	I have a terrible headache.	머리가 너무 아파요.
5	daily	Do you have anything for a cold?	감기에 먹을 약 있나요?
5	daily	Call an ambulance, please!	구급차를 불러 주세요!
5	daily	Is it within walking distance?	걸어갈 수 있는 거리인가요?
5	daily	Can I get there by subway?	지하철로 갈 수 있나요?
5	daily	This is my first visit to this city.	이 도시는 처음 방문이에요.
5	daily	Could you write it down for me?	그것 좀 적어 주시겠어요?
6	daily	Would you mind taking our order later?	주문은 조금 있다가 받아 주시겠어요?
6	daily	I'd like my steak medium rare, please.	스테이크는 미디엄 레어로 부탁해요.
6	daily	Could we get separate checks?	계산서를 따로 주시겠어요?
6	daily	Is the tip included in the bill?	팁이 계산서에 포함되어 있나요?
6	daily	I think there's a mistake on the bill.	계산서에 오류가 있는 것 같아요.
6	daily	Could you heat this up for me?	이것 좀 데워 주시겠어요?
6	daily	Can I get this to go?	이거 포장해 갈 수 있나요?
6	daily	What are your opening hours?	영업시간이 어떻게 되나요?
6	daily	Is there an English menu available?	영어 메뉴판이 있나요?
6	daily	I'd like to cancel my reservation.	예약을 취소하고 싶어요.
6	daily	Could you call me a taxi, please?	택시 좀 불러 주시겠어요?
6	daily	How far is the airport from here?	공항이 여기서 얼마나 먼가요?
6	daily	Please take me to this hotel.	이 호텔로 가 주세요.
6	daily	You can drop me off here.	여기서 내려 주시면 돼요.
6	daily	Sorry, I think you gave me the wrong change.	죄송한데 거스름돈이 잘못 나온 것 같아요.
7	daily	Could you break this bill into smaller ones?	이 지폐를 잔돈으로 바꿔 주시겠어요?
7	daily	I'd like to extend my stay by two nights.	숙박을 이틀 연장하고 싶어요.
7	daily	Is there a pharmacy open late around here?	이 근처에 늦게까지 하는 약국이 있나요?
7	daily	My room key doesn't seem to work.	방 키가 작동하지 않는 것 같아요.
7	daily	Could you keep an eye on my bag for a second?	잠깐 제 가방 좀 봐 주시겠어요?
7	daily	I was overcharged on this receipt.	이 영수증에 요금이 과다 청구됐어요.
7	daily	Do you offer any discounts for students?	학생 할인이 있나요?
7	daily	What's the best way to get downtown?	시내로 가는 가장 좋은 방법이 뭔가요?
7	daily	Are there any seats left for tonight's show?	오늘 밤 공연 자리가 남아 있나요?
7	daily	Could you point it out on the map?	지도에서 짚어 주시겠어요?
7	daily	I'm afraid I've lost my way.	길을 잃은 것 같아요.
7	daily	Is tap water safe to drink here?	여기 수돗물은 마셔도 안전한가요?
7	daily	Could I borrow a phone charger?	휴대폰 충전기를 빌릴 수 있을까요?
7	daily	What souvenirs is this town famous for?	이 마을은 어떤 기념품이 유명한가요?
7	daily	The view from here is absolutely breathtaking.	여기서 보는 경치는 정말 숨이 막혀요.
